Thời điểm,tên bão,năm,tháng,ngày,giờ,vĩ độ,kinh độ,khí áp (hPa),gió (kt),gió (km/h),cấp bão
quá khứ,BUALOI,2025,9,23,12,9.9,134.4,1003.0,25.0,46.3,7
quá khứ,BUALOI,2025,9,23,15,9.7,134.0,1003.0,27.0,50.0,7
quá khứ,BUALOI,2025,9,23,18,9.5,133.7,1002.0,29.0,53.7,7
quá khứ,BUALOI,2025,9,23,21,9.4,133.4,1000.0,34.0,63.0,7
quá khứ,BUALOI,2025,9,24,0,9.5,133.0,997.0,39.0,72.2,8
quá khứ,BUALOI,2025,9,24,3,9.7,132.4,997.0,42.0,77.8,8
quá khứ,BUALOI,2025,9,24,6,10.0,131.8,997.0,45.0,83.3,9
quá khứ,BUALOI,2025,9,24,9,10.2,131.4,996.0,48.0,88.9,10
quá khứ,BUALOI,2025,9,24,12,10.4,131.0,994.0,51.0,94.5,10
quá khứ,BUALOI,2025,9,24,15,10.5,130.6,993.0,53.0,98.2,11
quá khứ,BUALOI,2025,9,24,18,10.7,130.1,991.0,54.0,100.0,11
quá khứ,BUALOI,2025,9,24,21,11.0,129.7,991.0,54.0,100.0,11
quá khứ,BUALOI,2025,9,25,0,11.2,129.2,991.0,54.0,100.0,11
quá khứ,BUALOI,2025,9,25,3,11.2,128.7,991.0,54.0,100.0,11
quá khứ,BUALOI,2025,9,25,6,11.3,128.1,991.0,54.0,100.0,11
quá khứ,BUALOI,2025,9,25,9,11.6,127.5,992.0,54.0,100.0,11
quá khứ,BUALOI,2025,9,25,12,12.0,126.8,993.0,54.0,100.0,11
quá khứ,BUALOI,2025,9,25,15,12.1,126.2,993.0,54.0,100.0,11
quá khứ,BUALOI,2025,9,25,18,12.1,125.5,993.0,54.0,100.0,11
quá khứ,BUALOI,2025,9,25,21,12.2,124.5,992.0,57.0,105.6,11
quá khứ,BUALOI,2025,9,26,0,12.3,123.3,991.0,60.0,111.1,12
quá khứ,BUALOI,2025,9,26,3,12.5,121.9,992.0,60.0,111.1,12
quá khứ,BUALOI,2025,9,26,6,12.7,120.6,992.0,60.0,111.1,12
quá khứ,BUALOI,2025,9,26,9,12.9,119.8,991.0,60.0,111.1,12
quá khứ,BUALOI,2025,9,26,12,13.1,119.2,990.0,60.0,111.1,12
quá khứ,BUALOI,2025,9,26,15,13.4,118.3,987.0,65.0,120.4,12
quá khứ,BUALOI,2025,9,26,18,13.8,117.3,984.0,70.0,129.6,12
quá khứ,BUALOI,2025,9,26,21,14.3,116.2,983.0,72.0,133.3,13
quá khứ,BUALOI,2025,9,27,0,14.8,115.1,982.0,74.0,137.0,13
quá khứ,BUALOI,2025,9,27,3,15.0,114.4,982.0,74.0,137.0,13
quá khứ,BUALOI,2025,9,27,6,15.2,113.8,981.0,74.0,137.0,13
quá khứ,BUALOI,2025,9,27,9,15.5,113.0,981.0,74.0,137.0,13
quá khứ,BUALOI,2025,9,27,12,15.8,112.1,980.0,74.0,137.0,13
quá khứ,BUALOI,2025,9,27,15,15.8,111.3,983.0,69.0,127.8,12
quá khứ,BUALOI,2025,9,27,18,15.8,110.6,986.0,64.0,118.5,12
quá khứ,BUALOI,2025,9,27,21,16.1,110.0,984.0,67.0,124.1,12
quá khứ,BUALOI,2025,9,28,0,16.4,109.4,982.0,70.0,129.6,12
quá khứ,BUALOI,2025,9,28,3,16.7,108.7,981.0,70.0,129.6,12
quá khứ,BUALOI,2025,9,28,6,17.0,108.1,980.0,70.0,129.6,12
quá khứ,BUALOI,2025,9,28,9,17.4,107.6,979.0,70.0,129.6,12
quá khứ,BUALOI,2025,9,28,12,17.7,107.1,977.0,70.0,129.6,12
quá khứ,BUALOI,2025,9,28,15,18.0,106.6,974.0,75.0,138.9,13
quá khứ,BUALOI,2025,9,28,18,18.2,106.2,970.0,80.0,148.2,13
quá khứ,CO-MAY,2025,7,23,0,18.8,120.5,997.0,29.0,53.7,7
quá khứ,CO-MAY,2025,7,23,3,18.2,120.0,997.0,32.0,59.3,7
quá khứ,CO-MAY,2025,7,23,6,17.9,119.6,997.0,35.0,64.8,7
quá khứ,CO-MAY,2025,7,23,9,17.9,119.2,995.0,37.0,68.5,7
quá khứ,CO-MAY,2025,7,23,12,17.9,118.8,992.0,39.0,72.2,8
quá khứ,CO-MAY,2025,7,23,15,17.5,118.3,987.0,50.0,92.6,10
quá khứ,CO-MAY,2025,7,23,18,16.9,118.0,981.0,60.0,111.1,12
quá khứ,CO-MAY,2025,7,23,21,16.5,118.2,978.0,65.0,120.4,12
quá khứ,CO-MAY,2025,7,24,0,16.2,118.6,975.0,70.0,129.6,12
quá khứ,CO-MAY,2025,7,24,3,16.0,119.0,975.0,70.0,129.6,12
quá khứ,CO-MAY,2025,7,24,6,15.9,119.3,974.0,70.0,129.6,12
quá khứ,CO-MAY,2025,7,24,9,15.9,119.4,975.0,67.0,124.1,12
quá khứ,CO-MAY,2025,7,24,12,16.1,119.5,976.0,64.0,118.5,12
quá khứ,CO-MAY,2025,7,24,15,16.4,119.8,978.0,62.0,114.8,12
quá khứ,CO-MAY,2025,7,24,18,16.7,120.2,980.0,60.0,111.1,12
quá khứ,CO-MAY,2025,7,24,21,16.9,120.5,985.0,53.0,98.2,11
quá khứ,CO-MAY,2025,7,25,0,17.3,120.8,989.0,45.0,83.3,9
quá khứ,CO-MAY,2025,7,25,3,18.1,120.7,988.0,45.0,83.3,9
quá khứ,CO-MAY,2025,7,25,6,19.3,120.9,986.0,45.0,83.3,9
quá khứ,CO-MAY,2025,7,25,9,20.7,122.1,992.0,40.0,74.1,8
quá khứ,CO-MAY,2025,7,25,12,22.0,123.5,997.0,35.0,64.8,7
quá khứ,CO-MAY,2025,7,25,15,22.9,124.3,997.0,32.0,59.3,7
quá khứ,CO-MAY,2025,7,25,18,23.6,124.9,997.0,29.0,53.7,7
quá khứ,CO-MAY,2025,7,25,21,24.5,125.3,997.0,27.0,50.0,7
quá khứ,CO-MAY,2025,7,26,0,25.3,125.7,997.0,25.0,46.3,7
quá khứ,CO-MAY,2025,7,26,3,25.9,126.1,996.0,25.0,46.3,7
quá khứ,CO-MAY,2025,7,26,6,26.3,126.5,994.0,25.0,46.3,7
quá khứ,CO-MAY,2025,7,26,9,26.7,126.6,995.0,25.0,46.3,7
quá khứ,CO-MAY,2025,7,26,12,26.9,126.7,996.0,25.0,46.3,7
quá khứ,CO-MAY,2025,7,26,15,26.9,127.0,995.0,25.0,46.3,7
quá khứ,CO-MAY,2025,7,26,18,26.8,127.4,994.0,25.0,46.3,7
quá khứ,CO-MAY,2025,7,26,21,26.7,127.5,994.0,25.0,46.3,7
quá khứ,CO-MAY,2025,7,27,0,26.6,127.8,993.0,25.0,46.3,7
quá khứ,CO-MAY,2025,7,27,3,26.6,128.6,992.0,27.0,50.0,7
quá khứ,CO-MAY,2025,7,27,6,26.6,129.5,990.0,29.0,53.7,7
quá khứ,CO-MAY,2025,7,27,9,26.4,130.2,988.0,34.0,63.0,7
quá khứ,CO-MAY,2025,7,27,12,26.2,130.4,986.0,39.0,72.2,8
quá khứ,CO-MAY,2025,7,27,15,26.3,129.7,986.0,37.0,68.5,7
quá khứ,CO-MAY,2025,7,27,18,26.5,128.8,986.0,35.0,64.8,7
quá khứ,CO-MAY,2025,7,27,21,26.4,128.2,987.0,35.0,64.8,7
quá khứ,CO-MAY,2025,7,28,0,26.3,127.9,988.0,35.0,64.8,7
quá khứ,CO-MAY,2025,7,28,3,26.4,128.1,988.0,35.0,64.8,7
quá khứ,CO-MAY,2025,7,28,6,26.6,128.3,987.0,35.0,64.8,7
quá khứ,CO-MAY,2025,7,28,9,26.9,128.0,990.0,32.0,59.3,7
quá khứ,CO-MAY,2025,7,28,12,27.2,127.4,992.0,29.0,53.7,7
quá khứ,CO-MAY,2025,7,28,15,27.2,126.4,991.0,31.0,57.4,7
quá khứ,CO-MAY,2025,7,28,18,27.2,125.5,989.0,32.0,59.3,7
quá khứ,CO-MAY,2025,7,28,21,27.3,124.8,988.0,34.0,63.0,7
quá khứ,CO-MAY,2025,7,29,0,27.5,124.4,986.0,35.0,64.8,7
quá khứ,CO-MAY,2025,7,29,3,27.8,124.2,985.0,35.0,64.8,7
quá khứ,CO-MAY,2025,7,29,6,28.1,124.1,984.0,35.0,64.8,7
quá khứ,CO-MAY,2025,7,29,9,28.3,123.8,983.0,37.0,68.5,7
quá khứ,CO-MAY,2025,7,29,12,28.6,123.4,982.0,39.0,72.2,8
quá khứ,CO-MAY,2025,7,29,15,28.9,123.1,982.0,39.0,72.2,8
quá khứ,CO-MAY,2025,7,29,18,29.3,122.9,981.0,39.0,72.2,8
quá khứ,CO-MAY,2025,7,29,21,29.7,122.6,981.0,39.0,72.2,8
quá khứ,CO-MAY,2025,7,30,0,30.0,122.3,980.0,39.0,72.2,8
quá khứ,CO-MAY,2025,7,30,3,30.4,122.0,981.0,39.0,72.2,8
quá khứ,CO-MAY,2025,7,30,6,30.7,121.8,981.0,39.0,72.2,8
quá khứ,CO-MAY,2025,7,30,9,31.0,121.6,980.0,37.0,68.5,7
quá khứ,CO-MAY,2025,7,30,12,31.2,121.4,979.0,35.0,64.8,7
quá khứ,CO-MAY,2025,7,30,15,31.2,120.9,984.0,32.0,59.3,7
quá khứ,CO-MAY,2025,7,30,18,31.2,120.4,988.0,29.0,53.7,7
quá khứ,CO-MAY,2025,7,30,21,31.3,120.0,989.0,29.0,53.7,7
quá khứ,CO-MAY,2025,7,31,0,31.5,119.6,990.0,29.0,53.7,7
quá khứ,CO-MAY,2025,7,31,3,31.9,119.2,991.0,27.0,50.0,7
quá khứ,CO-MAY,2025,7,31,6,32.2,118.8,991.0,25.0,46.3,7
quá khứ,CO-MAY,2025,7,31,9,32.2,118.2,992.0,25.0,46.3,7
quá khứ,CO-MAY,2025,7,31,12,32.1,117.8,993.0,25.0,46.3,7
quá khứ,CO-MAY,2025,7,31,15,31.9,117.7,994.0,25.0,46.3,7
quá khứ,CO-MAY,2025,7,31,18,31.8,117.8,994.0,25.0,46.3,7
quá khứ,CO-MAY,2025,7,31,21,31.7,117.7,995.0,25.0,46.3,7
quá khứ,CO-MAY,2025,8,1,0,31.7,117.6,996.0,25.0,46.3,7
quá khứ,CO-MAY,2025,8,1,3,31.7,117.5,996.0,25.0,46.3,7
quá khứ,CO-MAY,2025,8,1,6,31.7,117.4,996.0,25.0,46.3,7
quá khứ,CO-MAY,2025,8,1,9,31.9,117.4,997.0,22.0,40.7,7
quá khứ,CO-MAY,2025,8,1,12,32.1,117.4,997.0,19.0,35.2,7
quá khứ,CO-MAY,2025,8,1,15,32.3,117.3,998.0,19.0,35.2,7
quá khứ,CO-MAY,2025,8,1,18,32.4,117.2,998.0,19.0,35.2,7
quá khứ,DANAS,2025,7,4,0,19.7,118.7,1001.0,25.0,46.3,7
quá khứ,DANAS,2025,7,4,3,19.5,118.4,1001.0,27.0,50.0,7
quá khứ,DANAS,2025,7,4,6,19.6,118.2,1001.0,29.0,53.7,7
quá khứ,DANAS,2025,7,4,9,20.0,118.1,999.0,32.0,59.3,7
quá khứ,DANAS,2025,7,4,12,20.3,118.0,997.0,35.0,64.8,7
quá khứ,DANAS,2025,7,4,15,20.2,117.7,996.0,37.0,68.5,7
quá khứ,DANAS,2025,7,4,18,20.1,117.4,994.0,39.0,72.2,8
quá khứ,DANAS,2025,7,4,21,20.1,117.4,993.0,42.0,77.8,8
quá khứ,DANAS,2025,7,5,0,20.2,117.5,992.0,45.0,83.3,9
quá khứ,DANAS,2025,7,5,3,20.3,117.7,990.0,50.0,92.6,10
quá khứ,DANAS,2025,7,5,6,20.5,117.9,987.0,54.0,100.0,11
quá khứ,DANAS,2025,7,5,9,20.6,118.0,985.0,57.0,105.6,11
quá khứ,DANAS,2025,7,5,12,20.8,118.0,982.0,60.0,111.1,12
quá khứ,DANAS,2025,7,5,15,20.9,118.0,980.0,62.0,114.8,12
quá khứ,DANAS,2025,7,5,18,21.1,118.1,977.0,64.0,118.5,12
quá khứ,DANAS,2025,7,5,21,21.3,118.2,976.0,67.0,124.1,12
quá khứ,DANAS,2025,7,6,0,21.6,118.3,975.0,70.0,129.6,12
quá khứ,DANAS,2025,7,6,3,21.9,118.5,970.0,75.0,138.9,13
quá khứ,DANAS,2025,7,6,6,22.2,118.8,964.0,80.0,148.2,13
quá khứ,DANAS,2025,7,6,9,22.6,119.2,961.0,85.0,157.4,14
quá khứ,DANAS,2025,7,6,12,23.0,119.6,958.0,89.0,164.8,14
quá khứ,DANAS,2025,7,6,15,23.3,120.0,966.0,80.0,148.2,13
quá khứ,DANAS,2025,7,6,18,23.8,120.5,973.0,70.0,129.6,12
quá khứ,DANAS,2025,7,6,21,24.6,121.0,981.0,58.0,107.4,12
quá khứ,DANAS,2025,7,7,0,25.5,121.4,989.0,45.0,83.3,9
quá khứ,DANAS,2025,7,7,3,26.3,121.5,991.0,42.0,77.8,8
quá khứ,DANAS,2025,7,7,6,26.8,121.5,992.0,39.0,72.2,8
quá khứ,DANAS,2025,7,7,9,27.0,121.6,992.0,42.0,77.8,8
quá khứ,DANAS,2025,7,7,12,27.1,121.7,991.0,45.0,83.3,9
quá khứ,DANAS,2025,7,7,15,27.5,122.0,992.0,42.0,77.8,8
quá khứ,DANAS,2025,7,7,18,27.8,122.2,993.0,39.0,72.2,8
quá khứ,DANAS,2025,7,7,21,28.0,122.3,993.0,39.0,72.2,8
quá khứ,DANAS,2025,7,8,0,28.1,122.3,992.0,39.0,72.2,8
quá khứ,DANAS,2025,7,8,3,28.0,122.2,990.0,37.0,68.5,7
quá khứ,DANAS,2025,7,8,6,27.9,122.0,987.0,35.0,64.8,7
quá khứ,DANAS,2025,7,8,9,27.9,121.6,986.0,35.0,64.8,7
quá khứ,DANAS,2025,7,8,12,27.9,121.2,985.0,35.0,64.8,7
quá khứ,DANAS,2025,7,8,15,27.9,120.9,986.0,35.0,64.8,7
quá khứ,DANAS,2025,7,8,18,27.8,120.7,986.0,35.0,64.8,7
quá khứ,FENGSHEN,2025,10,18,0,13.5,125.8,1002.0,29.0,53.7,7
quá khứ,FENGSHEN,2025,10,18,3,13.1,125.1,1001.0,29.0,53.7,7
quá khứ,FENGSHEN,2025,10,18,6,13.0,124.7,1000.0,29.0,53.7,7
quá khứ,FENGSHEN,2025,10,18,9,13.3,124.5,999.0,32.0,59.3,7
quá khứ,FENGSHEN,2025,10,18,12,13.7,124.3,998.0,35.0,64.8,7
quá khứ,FENGSHEN,2025,10,18,15,13.8,123.5,998.0,35.0,64.8,7
quá khứ,FENGSHEN,2025,10,18,18,13.9,122.6,998.0,35.0,64.8,7
quá khứ,FENGSHEN,2025,10,18,21,14.1,122.1,1000.0,35.0,64.8,7
quá khứ,FENGSHEN,2025,10,19,0,14.4,121.6,1001.0,35.0,64.8,7
quá khứ,FENGSHEN,2025,10,19,3,14.5,120.6,1001.0,35.0,64.8,7
quá khứ,FENGSHEN,2025,10,19,6,14.8,119.7,1001.0,35.0,64.8,7
quá khứ,FENGSHEN,2025,10,19,9,15.4,119.2,1002.0,32.0,59.3,7
quá khứ,FENGSHEN,2025,10,19,12,16.1,118.8,1002.0,29.0,53.7,7
quá khứ,FENGSHEN,2025,10,19,15,16.7,118.1,1000.0,34.0,63.0,7
quá khứ,FENGSHEN,2025,10,19,18,17.3,117.5,998.0,39.0,72.2,8
quá khứ,FENGSHEN,2025,10,19,21,17.7,117.1,997.0,42.0,77.8,8
quá khứ,FENGSHEN,2025,10,20,0,18.0,116.7,996.0,45.0,83.3,9
quá khứ,FENGSHEN,2025,10,20,3,18.3,116.0,996.0,45.0,83.3,9
quá khứ,FENGSHEN,2025,10,20,6,18.5,115.3,996.0,45.0,83.3,9
quá khứ,FENGSHEN,2025,10,20,9,18.6,114.7,995.0,45.0,83.3,9
quá khứ,FENGSHEN,2025,10,20,12,18.5,114.2,994.0,45.0,83.3,9
quá khứ,FENGSHEN,2025,10,20,15,18.2,113.5,994.0,45.0,83.3,9
quá khứ,FENGSHEN,2025,10,20,18,17.9,112.9,994.0,45.0,83.3,9
quá khứ,FENGSHEN,2025,10,20,21,17.6,112.5,994.0,45.0,83.3,9
quá khứ,FENGSHEN,2025,10,21,0,17.3,112.2,993.0,45.0,83.3,9
quá khứ,FENGSHEN,2025,10,21,3,17.2,111.9,993.0,45.0,83.3,9
quá khứ,FENGSHEN,2025,10,21,6,17.1,111.6,993.0,45.0,83.3,9
quá khứ,FENGSHEN,2025,10,21,9,17.0,111.4,993.0,45.0,83.3,9
quá khứ,FENGSHEN,2025,10,21,12,17.0,111.4,993.0,45.0,83.3,9
quá khứ,FENGSHEN,2025,10,21,15,17.2,111.6,991.0,48.0,88.9,10
quá khứ,FENGSHEN,2025,10,21,18,17.3,111.8,988.0,51.0,94.5,10
quá khứ,FENGSHEN,2025,10,21,21,17.2,111.9,990.0,48.0,88.9,10
quá khứ,FENGSHEN,2025,10,22,0,17.2,111.8,991.0,45.0,83.3,9
quá khứ,FENGSHEN,2025,10,22,3,17.4,111.1,992.0,45.0,83.3,9
quá khứ,FENGSHEN,2025,10,22,6,17.5,110.3,992.0,45.0,83.3,9
quá khứ,FENGSHEN,2025,10,22,9,17.4,109.9,992.0,45.0,83.3,9
quá khứ,FENGSHEN,2025,10,22,12,17.2,109.6,992.0,45.0,83.3,9
quá khứ,FENGSHEN,2025,10,22,15,16.9,109.1,996.0,40.0,74.1,8
quá khứ,FENGSHEN,2025,10,22,18,16.5,108.7,1000.0,35.0,64.8,7
quá khứ,FENGSHEN,2025,10,22,21,16.2,108.6,1002.0,30.0,55.6,7
quá khứ,FENGSHEN,2025,10,23,0,16.0,108.6,1004.0,25.0,46.3,7
quá khứ,FUNG-WONG,2025,11,4,6,9.6,142.9,1000.0,25.0,46.3,7
quá khứ,FUNG-WONG,2025,11,4,9,9.3,142.2,1000.0,27.0,50.0,7
quá khứ,FUNG-WONG,2025,11,4,12,8.9,141.7,1000.0,29.0,53.7,7
quá khứ,FUNG-WONG,2025,11,4,15,8.5,141.5,1000.0,29.0,53.7,7
quá khứ,FUNG-WONG,2025,11,4,18,8.2,141.7,1000.0,29.0,53.7,7
quá khứ,FUNG-WONG,2025,11,4,21,8.1,142.6,1000.0,29.0,53.7,7
quá khứ,FUNG-WONG,2025,11,5,0,8.1,143.4,999.0,29.0,53.7,7
quá khứ,FUNG-WONG,2025,11,5,3,8.3,143.5,999.0,29.0,53.7,7
quá khứ,FUNG-WONG,2025,11,5,6,8.5,143.2,998.0,29.0,53.7,7
quá khứ,FUNG-WONG,2025,11,5,9,8.5,143.0,998.0,29.0,53.7,7
quá khứ,FUNG-WONG,2025,11,5,12,8.6,142.5,998.0,29.0,53.7,7
quá khứ,FUNG-WONG,2025,11,5,15,8.9,141.7,997.0,29.0,53.7,7
quá khứ,FUNG-WONG,2025,11,5,18,9.4,140.9,996.0,29.0,53.7,7
quá khứ,FUNG-WONG,2025,11,5,21,9.9,140.3,997.0,34.0,63.0,7
quá khứ,FUNG-WONG,2025,11,6,0,10.2,140.0,998.0,39.0,72.2,8
quá khứ,FUNG-WONG,2025,11,6,3,10.0,140.3,995.0,39.0,72.2,8
quá khứ,FUNG-WONG,2025,11,6,6,9.7,140.6,992.0,39.0,72.2,8
quá khứ,FUNG-WONG,2025,11,6,9,9.9,140.2,994.0,39.0,72.2,8
quá khứ,FUNG-WONG,2025,11,6,12,10.2,139.6,995.0,39.0,72.2,8
quá khứ,FUNG-WONG,2025,11,6,15,10.4,139.1,994.0,42.0,77.8,8
quá khứ,FUNG-WONG,2025,11,6,18,10.7,138.6,993.0,45.0,83.3,9
quá khứ,FUNG-WONG,2025,11,6,21,11.1,138.3,992.0,50.0,92.6,10
quá khứ,FUNG-WONG,2025,11,7,0,11.4,137.9,991.0,54.0,100.0,11
quá khứ,FUNG-WONG,2025,11,7,3,11.5,137.3,988.0,57.0,105.6,11
quá khứ,FUNG-WONG,2025,11,7,6,11.6,136.6,985.0,60.0,111.1,12
quá khứ,FUNG-WONG,2025,11,7,9,11.7,136.0,984.0,62.0,114.8,12
quá khứ,FUNG-WONG,2025,11,7,12,11.9,135.4,982.0,64.0,118.5,12
quá khứ,FUNG-WONG,2025,11,7,15,12.0,134.6,981.0,67.0,124.1,12
quá khứ,FUNG-WONG,2025,11,7,18,12.2,133.8,980.0,70.0,129.6,12
quá khứ,FUNG-WONG,2025,11,7,21,12.3,132.9,978.0,75.0,138.9,13
quá khứ,FUNG-WONG,2025,11,8,0,12.5,132.1,975.0,80.0,148.2,13
quá khứ,FUNG-WONG,2025,11,8,3,12.7,131.4,973.0,85.0,157.4,14
quá khứ,FUNG-WONG,2025,11,8,6,13.0,130.6,971.0,89.0,164.8,14
quá khứ,FUNG-WONG,2025,11,8,9,13.2,129.3,971.0,91.0,168.5,15
quá khứ,FUNG-WONG,2025,11,8,12,13.3,128.1,970.0,93.0,172.2,15
quá khứ,FUNG-WONG,2025,11,8,15,13.5,127.3,960.0,101.0,187.1,16
quá khứ,FUNG-WONG,2025,11,8,18,13.7,126.6,949.0,109.0,201.9,16
quá khứ,FUNG-WONG,2025,11,8,21,13.8,125.7,949.0,109.0,201.9,16
quá khứ,FUNG-WONG,2025,11,9,0,14.0,124.8,949.0,109.0,201.9,16
quá khứ,FUNG-WONG,2025,11,9,3,14.4,124.0,946.0,112.0,207.4,17
quá khứ,FUNG-WONG,2025,11,9,6,14.9,123.2,943.0,115.0,213.0,17
quá khứ,FUNG-WONG,2025,11,9,9,15.5,122.5,944.0,107.0,198.2,16
quá khứ,FUNG-WONG,2025,11,9,12,16.1,121.8,945.0,99.0,183.3,15
quá khứ,FUNG-WONG,2025,11,9,15,16.3,121.0,952.0,96.0,177.8,15
quá khứ,FUNG-WONG,2025,11,9,18,16.5,120.3,959.0,93.0,172.2,15
quá khứ,FUNG-WONG,2025,11,9,21,16.9,119.7,963.0,89.0,164.8,14
quá khứ,FUNG-WONG,2025,11,10,0,17.3,119.2,967.0,84.0,155.6,14
quá khứ,FUNG-WONG,2025,11,10,3,17.4,118.9,968.0,77.0,142.6,13
quá khứ,FUNG-WONG,2025,11,10,6,17.6,118.8,969.0,70.0,129.6,12
quá khứ,FUNG-WONG,2025,11,10,9,18.0,118.6,969.0,70.0,129.6,12
quá khứ,FUNG-WONG,2025,11,10,12,18.5,118.5,969.0,70.0,129.6,12
quá khứ,FUNG-WONG,2025,11,10,15,18.7,118.4,975.0,67.0,124.1,12
quá khứ,FUNG-WONG,2025,11,10,18,18.8,118.3,981.0,64.0,118.5,12
quá khứ,FUNG-WONG,2025,11,10,21,19.1,118.3,981.0,64.0,118.5,12
quá khứ,FUNG-WONG,2025,11,11,0,19.4,118.4,981.0,64.0,118.5,12
quá khứ,FUNG-WONG,2025,11,11,3,19.8,118.5,984.0,59.0,109.3,12
quá khứ,FUNG-WONG,2025,11,11,6,20.1,118.6,986.0,54.0,100.0,11
quá khứ,FUNG-WONG,2025,11,11,9,20.3,118.9,988.0,53.0,98.2,11
quá khứ,FUNG-WONG,2025,11,11,12,20.6,119.1,990.0,51.0,94.5,10
quá khứ,FUNG-WONG,2025,11,11,15,21.0,119.1,991.0,51.0,94.5,10
quá khứ,FUNG-WONG,2025,11,11,18,21.4,119.0,991.0,51.0,94.5,10
quá khứ,FUNG-WONG,2025,11,11,21,21.4,119.1,992.0,48.0,88.9,10
quá khứ,FUNG-WONG,2025,11,12,0,21.4,119.3,993.0,45.0,83.3,9
quá khứ,FUNG-WONG,2025,11,12,3,21.6,119.5,993.0,45.0,83.3,9
quá khứ,FUNG-WONG,2025,11,12,6,21.8,119.8,993.0,45.0,83.3,9
quá khứ,FUNG-WONG,2025,11,12,9,22.0,120.1,995.0,42.0,77.8,8
quá khứ,FUNG-WONG,2025,11,12,12,22.2,120.6,997.0,39.0,72.2,8
quá khứ,FUNG-WONG,2025,11,12,15,22.6,121.2,999.0,37.0,68.5,7
quá khứ,FUNG-WONG,2025,11,12,18,23.1,121.8,1001.0,35.0,64.8,7
quá khứ,FUNG-WONG,2025,11,12,21,23.7,122.2,1001.0,35.0,64.8,7
quá khứ,FUNG-WONG,2025,11,13,0,24.4,122.8,1001.0,35.0,64.8,7
quá khứ,FUNG-WONG,2025,11,13,3,25.2,123.9,1002.0,35.0,64.8,7
quá khứ,FUNG-WONG,2025,11,13,6,25.8,125.3,1003.0,35.0,64.8,7
quá khứ,FUNG-WONG,2025,11,13,9,26.1,126.8,1004.0,32.0,59.3,7
quá khứ,FUNG-WONG,2025,11,13,12,26.3,128.3,1004.0,29.0,53.7,7
quá khứ,KAJIKI,2025,8,22,18,17.1,117.0,1002.0,29.0,53.7,7
quá khứ,KAJIKI,2025,8,22,21,17.3,116.9,1001.0,34.0,63.0,7
quá khứ,KAJIKI,2025,8,23,0,17.5,116.6,1000.0,39.0,72.2,8
quá khứ,KAJIKI,2025,8,23,3,17.6,115.9,998.0,45.0,83.3,9
quá khứ,KAJIKI,2025,8,23,6,17.6,115.0,995.0,51.0,94.5,10
quá khứ,KAJIKI,2025,8,23,9,17.8,114.3,994.0,53.0,98.2,11
quá khứ,KAJIKI,2025,8,23,12,17.9,113.6,992.0,54.0,100.0,11
quá khứ,KAJIKI,2025,8,23,15,17.6,112.9,991.0,57.0,105.6,11
quá khứ,KAJIKI,2025,8,23,18,17.2,112.2,989.0,60.0,111.1,12
quá khứ,KAJIKI,2025,8,23,21,17.1,111.6,987.0,62.0,114.8,12
quá khứ,KAJIKI,2025,8,24,0,17.2,111.1,985.0,64.0,118.5,12
quá khứ,KAJIKI,2025,8,24,3,17.3,110.7,976.0,77.0,142.6,13
quá khứ,KAJIKI,2025,8,24,6,17.4,110.3,967.0,89.0,164.8,14
quá khứ,KAJIKI,2025,8,24,9,17.7,109.8,966.0,91.0,168.5,15
quá khứ,KAJIKI,2025,8,24,12,17.9,109.3,964.0,93.0,172.2,15
quá khứ,KAJIKI,2025,8,24,15,18.0,108.9,966.0,91.0,168.5,15
quá khứ,KAJIKI,2025,8,24,18,18.1,108.4,967.0,89.0,164.8,14
quá khứ,KAJIKI,2025,8,24,21,18.1,107.8,967.0,89.0,164.8,14
quá khứ,KAJIKI,2025,8,25,0,18.2,107.2,967.0,89.0,164.8,14
quá khứ,KAJIKI,2025,8,25,3,18.3,106.6,967.0,89.0,164.8,14
quá khứ,KAJIKI,2025,8,25,6,18.5,106.2,967.0,89.0,164.8,14
quá khứ,KAJIKI,2025,8,25,9,18.6,105.9,971.0,85.0,157.4,14
quá khứ,KAJIKI,2025,8,25,12,18.6,105.7,974.0,80.0,148.2,13
quá khứ,KALMAEGI,2025,11,1,6,9.8,138.1,1002.0,25.0,46.3,7
quá khứ,KALMAEGI,2025,11,1,9,10.0,137.6,1002.0,27.0,50.0,7
quá khứ,KALMAEGI,2025,11,1,12,10.2,137.2,1001.0,29.0,53.7,7
quá khứ,KALMAEGI,2025,11,1,15,10.4,136.8,1001.0,34.0,63.0,7
quá khứ,KALMAEGI,2025,11,1,18,10.6,136.4,1000.0,39.0,72.2,8
quá khứ,KALMAEGI,2025,11,1,21,10.7,135.8,1000.0,42.0,77.8,8
quá khứ,KALMAEGI,2025,11,2,0,10.8,135.1,1000.0,45.0,83.3,9
quá khứ,KALMAEGI,2025,11,2,3,11.1,134.2,997.0,48.0,88.9,10
quá khứ,KALMAEGI,2025,11,2,6,11.3,133.3,994.0,51.0,94.5,10
quá khứ,KALMAEGI,2025,11,2,9,11.4,132.5,994.0,53.0,98.2,11
quá khứ,KALMAEGI,2025,11,2,12,11.3,131.8,993.0,54.0,100.0,11
quá khứ,KALMAEGI,2025,11,2,15,11.2,130.9,993.0,57.0,105.6,11
quá khứ,KALMAEGI,2025,11,2,18,11.0,130.1,993.0,60.0,111.1,12
quá khứ,KALMAEGI,2025,11,2,21,10.7,129.5,989.0,65.0,120.4,12
quá khứ,KALMAEGI,2025,11,3,0,10.5,128.9,985.0,70.0,129.6,12
quá khứ,KALMAEGI,2025,11,3,3,10.4,128.3,980.0,75.0,138.9,13
quá khứ,KALMAEGI,2025,11,3,6,10.4,127.7,975.0,80.0,148.2,13
quá khứ,KALMAEGI,2025,11,3,9,10.5,127.1,972.0,85.0,157.4,14
quá khứ,KALMAEGI,2025,11,3,12,10.6,126.3,968.0,89.0,164.8,14
quá khứ,KALMAEGI,2025,11,3,15,10.9,125.3,978.0,85.0,157.4,14
quá khứ,KALMAEGI,2025,11,3,18,11.1,124.4,987.0,80.0,148.2,13
quá khứ,KALMAEGI,2025,11,3,21,10.9,123.8,987.0,75.0,138.9,13
quá khứ,KALMAEGI,2025,11,4,0,10.6,123.2,987.0,70.0,129.6,12
quá khứ,KALMAEGI,2025,11,4,3,10.4,122.5,986.0,70.0,129.6,12
quá khứ,KALMAEGI,2025,11,4,6,10.4,121.8,985.0,70.0,129.6,12
quá khứ,KALMAEGI,2025,11,4,9,10.5,121.3,985.0,70.0,129.6,12
quá khứ,KALMAEGI,2025,11,4,12,10.6,120.8,984.0,70.0,129.6,12
quá khứ,KALMAEGI,2025,11,4,15,10.7,120.3,982.0,70.0,129.6,12
quá khứ,KALMAEGI,2025,11,4,18,10.9,119.9,980.0,70.0,129.6,12
quá khứ,KALMAEGI,2025,11,4,21,11.1,119.6,980.0,72.0,133.3,13
quá khứ,KALMAEGI,2025,11,5,0,11.4,119.1,980.0,74.0,137.0,13
quá khứ,KALMAEGI,2025,11,5,3,11.8,118.1,976.0,77.0,142.6,13
quá khứ,KALMAEGI,2025,11,5,6,12.1,117.1,972.0,80.0,148.2,13
quá khứ,KALMAEGI,2025,11,5,9,12.3,116.5,971.0,85.0,157.4,14
quá khứ,KALMAEGI,2025,11,5,12,12.5,115.9,970.0,89.0,164.8,14
quá khứ,KALMAEGI,2025,11,5,15,12.9,115.2,965.0,94.0,174.1,15
quá khứ,KALMAEGI,2025,11,5,18,13.2,114.3,960.0,99.0,183.3,15
quá khứ,KALMAEGI,2025,11,5,21,13.2,113.2,954.0,107.0,198.2,16
quá khứ,KALMAEGI,2025,11,6,0,13.2,112.1,948.0,115.0,213.0,17
quá khứ,KALMAEGI,2025,11,6,3,13.2,111.3,950.0,112.0,207.4,17
quá khứ,KALMAEGI,2025,11,6,6,13.3,110.6,951.0,109.0,201.9,16
quá khứ,KALMAEGI,2025,11,6,9,13.4,109.9,956.0,104.0,192.6,16
quá khứ,KALMAEGI,2025,11,6,12,13.6,109.1,960.0,99.0,183.3,15
quá khứ,KOTO,2025,11,24,18,9.8,123.7,1000.0,25.0,46.3,7
quá khứ,KOTO,2025,11,24,21,10.2,123.0,1000.0,27.0,50.0,7
quá khứ,KOTO,2025,11,25,0,10.6,122.4,999.0,29.0,53.7,7
quá khứ,KOTO,2025,11,25,3,10.8,121.8,998.0,32.0,59.3,7
quá khứ,KOTO,2025,11,25,6,11.0,121.2,997.0,35.0,64.8,7
quá khứ,KOTO,2025,11,25,9,11.2,120.6,997.0,37.0,68.5,7
quá khứ,KOTO,2025,11,25,12,11.4,120.1,996.0,39.0,72.2,8
quá khứ,KOTO,2025,11,25,15,11.7,119.7,995.0,45.0,83.3,9
quá khứ,KOTO,2025,11,25,18,12.1,119.3,993.0,51.0,94.5,10
quá khứ,KOTO,2025,11,25,21,12.4,118.5,992.0,53.0,98.2,11
quá khứ,KOTO,2025,11,26,0,12.5,117.6,991.0,54.0,100.0,11
quá khứ,KOTO,2025,11,26,3,12.2,117.0,991.0,54.0,100.0,11
quá khứ,KOTO,2025,11,26,6,11.9,116.4,990.0,54.0,100.0,11
quá khứ,KOTO,2025,11,26,9,12.1,115.8,990.0,57.0,105.6,11
quá khứ,KOTO,2025,11,26,12,12.5,115.3,989.0,60.0,111.1,12
quá khứ,KOTO,2025,11,26,15,12.9,115.0,986.0,65.0,120.4,12
quá khứ,KOTO,2025,11,26,18,13.2,114.8,982.0,70.0,129.6,12
quá khứ,KOTO,2025,11,26,21,13.3,114.4,979.0,75.0,138.9,13
quá khứ,KOTO,2025,11,27,0,13.2,113.9,975.0,80.0,148.2,13
quá khứ,MATMO,2025,10,1,6,14.7,130.8,1006.0,25.0,46.3,7
quá khứ,MATMO,2025,10,1,9,14.6,130.3,1006.0,25.0,46.3,7
quá khứ,MATMO,2025,10,1,12,14.6,129.7,1006.0,25.0,46.3,7
quá khứ,MATMO,2025,10,1,15,14.7,129.0,1005.0,30.0,55.6,7
quá khứ,MATMO,2025,10,1,18,14.9,128.2,1004.0,35.0,64.8,7
quá khứ,MATMO,2025,10,1,21,15.1,127.5,1003.0,40.0,74.1,8
quá khứ,MATMO,2025,10,2,0,15.2,127.0,1002.0,45.0,83.3,9
quá khứ,MATMO,2025,10,2,3,15.2,126.8,1000.0,45.0,83.3,9
quá khứ,MATMO,2025,10,2,6,15.2,126.5,998.0,45.0,83.3,9
quá khứ,MATMO,2025,10,2,9,15.4,125.8,997.0,48.0,88.9,10
quá khứ,MATMO,2025,10,2,12,15.6,125.0,995.0,51.0,94.5,10
quá khứ,MATMO,2025,10,2,15,15.8,124.3,994.0,53.0,98.2,11
quá khứ,MATMO,2025,10,2,18,16.0,123.7,993.0,54.0,100.0,11
quá khứ,MATMO,2025,10,2,21,16.2,123.2,991.0,59.0,109.3,12
quá khứ,MATMO,2025,10,3,0,16.4,122.6,989.0,64.0,118.5,12
quá khứ,MATMO,2025,10,3,3,16.7,121.8,990.0,64.0,118.5,12
quá khứ,MATMO,2025,10,3,6,17.0,120.9,990.0,64.0,118.5,12
quá khứ,MATMO,2025,10,3,9,17.3,120.1,992.0,62.0,114.8,12
quá khứ,MATMO,2025,10,3,12,17.5,119.4,993.0,60.0,111.1,12
quá khứ,MATMO,2025,10,3,15,17.6,118.8,993.0,60.0,111.1,12
quá khứ,MATMO,2025,10,3,18,17.7,118.2,992.0,60.0,111.1,12
quá khứ,MATMO,2025,10,3,21,18.0,117.5,992.0,60.0,111.1,12
quá khứ,MATMO,2025,10,4,0,18.2,116.7,992.0,60.0,111.1,12
quá khứ,MATMO,2025,10,4,3,18.2,115.9,992.0,60.0,111.1,12
quá khứ,MATMO,2025,10,4,6,18.2,115.2,991.0,60.0,111.1,12
quá khứ,MATMO,2025,10,4,9,18.5,114.6,988.0,65.0,120.4,12
quá khứ,MATMO,2025,10,4,12,19.0,114.0,984.0,70.0,129.6,12
quá khứ,MATMO,2025,10,4,15,19.4,113.4,981.0,75.0,138.9,13
quá khứ,MATMO,2025,10,4,18,19.8,112.8,977.0,80.0,148.2,13
quá khứ,MATMO,2025,10,4,21,20.0,112.2,973.0,85.0,157.4,14
quá khứ,MATMO,2025,10,5,0,20.2,111.6,968.0,89.0,164.8,14
quá khứ,MATMO,2025,10,5,3,20.5,111.0,967.0,89.0,164.8,14
quá khứ,MATMO,2025,10,5,6,20.8,110.5,966.0,89.0,164.8,14
quá khứ,MATMO,2025,10,5,9,21.1,110.0,969.0,85.0,157.4,14
quá khứ,MATMO,2025,10,5,12,21.4,109.5,972.0,80.0,148.2,13
quá khứ,MATMO,2025,10,5,15,21.7,109.0,978.0,72.0,133.3,13
quá khứ,MATMO,2025,10,5,18,21.9,108.5,983.0,64.0,118.5,12
quá khứ,MITAG,2025,9,16,6,15.5,123.5,1008.0,25.0,46.3,7
quá khứ,MITAG,2025,9,16,9,15.7,123.2,1007.0,27.0,50.0,7
quá khứ,MITAG,2025,9,16,12,15.9,122.9,1006.0,29.0,53.7,7
quá khứ,MITAG,2025,9,16,15,16.0,122.5,1003.0,37.0,68.5,7
quá khứ,MITAG,2025,9,16,18,16.1,122.2,999.0,45.0,83.3,9
quá khứ,MITAG,2025,9,16,21,16.4,122.0,1001.0,37.0,68.5,7
quá khứ,MITAG,2025,9,17,0,16.9,121.8,1003.0,29.0,53.7,7
quá khứ,MITAG,2025,9,17,3,17.4,121.5,1003.0,29.0,53.7,7
quá khứ,MITAG,2025,9,17,6,17.9,121.2,1003.0,29.0,53.7,7
quá khứ,MITAG,2025,9,17,9,18.3,120.9,1003.0,27.0,50.0,7
quá khứ,MITAG,2025,9,17,12,18.6,120.5,1003.0,25.0,46.3,7
quá khứ,MITAG,2025,9,17,15,18.7,120.2,1003.0,25.0,46.3,7
quá khứ,MITAG,2025,9,17,18,18.8,119.9,1003.0,25.0,46.3,7
quá khứ,MITAG,2025,9,17,21,19.3,119.5,1003.0,27.0,50.0,7
quá khứ,MITAG,2025,9,18,0,19.8,118.9,1003.0,29.0,53.7,7
quá khứ,MITAG,2025,9,18,3,19.9,118.1,1003.0,29.0,53.7,7
quá khứ,MITAG,2025,9,18,6,19.9,117.4,1002.0,29.0,53.7,7
quá khứ,MITAG,2025,9,18,9,19.9,117.0,1002.0,32.0,59.3,7
quá khứ,MITAG,2025,9,18,12,20.1,116.8,1002.0,35.0,64.8,7
quá khứ,MITAG,2025,9,18,15,20.6,116.7,1000.0,37.0,68.5,7
quá khứ,MITAG,2025,9,18,18,21.3,116.5,997.0,39.0,72.2,8
quá khứ,MITAG,2025,9,18,21,21.9,116.2,996.0,42.0,77.8,8
quá khứ,MITAG,2025,9,19,0,22.3,115.8,994.0,45.0,83.3,9
quá khứ,MITAG,2025,9,19,3,22.6,115.6,996.0,42.0,77.8,8
quá khứ,MITAG,2025,9,19,6,22.8,115.4,997.0,39.0,72.2,8
quá khứ,MITAG,2025,9,19,9,23.1,115.1,999.0,34.0,63.0,7
quá khứ,MITAG,2025,9,19,12,23.4,114.7,1001.0,29.0,53.7,7
quá khứ,NONGFA,2025,8,28,6,14.9,115.9,1001.0,29.0,53.7,7
quá khứ,NONGFA,2025,8,28,9,14.9,115.8,1001.0,29.0,53.7,7
quá khứ,NONGFA,2025,8,28,12,15.0,115.5,1001.0,29.0,53.7,7
quá khứ,NONGFA,2025,8,28,15,15.3,114.8,1001.0,29.0,53.7,7
quá khứ,NONGFA,2025,8,28,18,15.6,114.1,1001.0,29.0,53.7,7
quá khứ,NONGFA,2025,8,28,21,15.9,113.6,1001.0,29.0,53.7,7
quá khứ,NONGFA,2025,8,29,0,16.1,113.2,1001.0,29.0,53.7,7
quá khứ,NONGFA,2025,8,29,3,16.2,112.7,1001.0,29.0,53.7,7
quá khứ,NONGFA,2025,8,29,6,16.4,112.2,1000.0,29.0,53.7,7
quá khứ,NONGFA,2025,8,29,9,16.8,111.8,1000.0,29.0,53.7,7
quá khứ,NONGFA,2025,8,29,12,17.2,111.2,999.0,29.0,53.7,7
quá khứ,NONGFA,2025,8,29,15,17.3,110.3,999.0,29.0,53.7,7
quá khứ,NONGFA,2025,8,29,18,17.3,109.3,999.0,29.0,53.7,7
quá khứ,NONGFA,2025,8,29,21,17.4,108.7,996.0,34.0,63.0,7
quá khứ,NONGFA,2025,8,30,0,17.5,108.2,993.0,39.0,72.2,8
quá khứ,NONGFA,2025,8,30,3,17.7,107.5,995.0,39.0,72.2,8
quá khứ,NONGFA,2025,8,30,6,17.9,106.6,997.0,39.0,72.2,8
quá khứ,NONGFA,2025,8,30,9,18.0,105.5,999.0,32.0,59.3,7
quá khứ,NONGFA,2025,8,30,12,18.0,104.4,1000.0,25.0,46.3,7
quá khứ,PODUL,2025,8,7,0,18.4,147.8,1007.0,25.0,46.3,7
quá khứ,PODUL,2025,8,7,3,18.5,147.8,1007.0,27.0,50.0,7
quá khứ,PODUL,2025,8,7,6,18.6,147.7,1007.0,29.0,53.7,7
quá khứ,PODUL,2025,8,7,9,18.8,147.4,1006.0,32.0,59.3,7
quá khứ,PODUL,2025,8,7,12,19.0,147.0,1005.0,35.0,64.8,7
quá khứ,PODUL,2025,8,7,15,19.2,146.6,1004.0,35.0,64.8,7
quá khứ,PODUL,2025,8,7,18,19.4,146.2,1003.0,35.0,64.8,7
quá khứ,PODUL,2025,8,7,21,19.7,145.9,1003.0,40.0,74.1,8
quá khứ,PODUL,2025,8,8,0,20.1,145.7,1003.0,45.0,83.3,9
quá khứ,PODUL,2025,8,8,3,20.4,145.4,1003.0,42.0,77.8,8
quá khứ,PODUL,2025,8,8,6,20.6,145.1,1003.0,39.0,72.2,8
quá khứ,PODUL,2025,8,8,9,20.7,144.7,1002.0,42.0,77.8,8
quá khứ,PODUL,2025,8,8,12,20.8,144.2,1001.0,45.0,83.3,9
quá khứ,PODUL,2025,8,8,15,21.0,143.8,1000.0,45.0,83.3,9
quá khứ,PODUL,2025,8,8,18,21.2,143.5,999.0,45.0,83.3,9
quá khứ,PODUL,2025,8,8,21,21.4,143.2,998.0,48.0,88.9,10
quá khứ,PODUL,2025,8,9,0,21.5,142.9,996.0,51.0,94.5,10
quá khứ,PODUL,2025,8,9,3,21.6,142.4,996.0,51.0,94.5,10
quá khứ,PODUL,2025,8,9,6,21.6,141.9,996.0,51.0,94.5,10
quá khứ,PODUL,2025,8,9,9,21.6,141.4,997.0,51.0,94.5,10
quá khứ,PODUL,2025,8,9,12,21.5,141.0,998.0,51.0,94.5,10
quá khứ,PODUL,2025,8,9,15,21.5,140.6,996.0,53.0,98.2,11
quá khứ,PODUL,2025,8,9,18,21.5,140.2,994.0,54.0,100.0,11
quá khứ,PODUL,2025,8,9,21,21.5,139.5,994.0,54.0,100.0,11
quá khứ,PODUL,2025,8,10,0,21.6,138.7,993.0,54.0,100.0,11
quá khứ,PODUL,2025,8,10,3,21.7,138.2,995.0,53.0,98.2,11
quá khứ,PODUL,2025,8,10,6,21.7,137.6,996.0,51.0,94.5,10
quá khứ,PODUL,2025,8,10,9,21.7,136.8,997.0,51.0,94.5,10
quá khứ,PODUL,2025,8,10,12,21.6,136.0,997.0,51.0,94.5,10
quá khứ,PODUL,2025,8,10,15,21.4,135.3,995.0,51.0,94.5,10
quá khứ,PODUL,2025,8,10,18,21.3,134.7,993.0,51.0,94.5,10
quá khứ,PODUL,2025,8,10,21,21.3,134.0,992.0,53.0,98.2,11
quá khứ,PODUL,2025,8,11,0,21.2,133.4,990.0,54.0,100.0,11
quá khứ,PODUL,2025,8,11,3,20.9,132.8,990.0,54.0,100.0,11
quá khứ,PODUL,2025,8,11,6,20.7,132.2,990.0,54.0,100.0,11
quá khứ,PODUL,2025,8,11,9,20.8,131.6,990.0,54.0,100.0,11
quá khứ,PODUL,2025,8,11,12,21.0,130.9,990.0,54.0,100.0,11
quá khứ,PODUL,2025,8,11,15,20.8,130.1,987.0,59.0,109.3,12
quá khứ,PODUL,2025,8,11,18,20.6,129.3,984.0,64.0,118.5,12
quá khứ,PODUL,2025,8,11,21,20.7,128.7,984.0,64.0,118.5,12
quá khứ,PODUL,2025,8,12,0,20.9,128.1,984.0,64.0,118.5,12
quá khứ,PODUL,2025,8,12,3,21.1,127.3,983.0,67.0,124.1,12
quá khứ,PODUL,2025,8,12,6,21.3,126.5,981.0,70.0,129.6,12
quá khứ,PODUL,2025,8,12,9,21.4,125.7,978.0,75.0,138.9,13
quá khứ,PODUL,2025,8,12,12,21.6,125.0,975.0,80.0,148.2,13
quá khứ,PODUL,2025,8,12,15,21.8,124.2,973.0,82.0,151.9,14
quá khứ,PODUL,2025,8,12,18,22.0,123.4,970.0,84.0,155.6,14
quá khứ,PODUL,2025,8,12,21,22.0,122.7,968.0,87.0,161.1,14
quá khứ,PODUL,2025,8,13,0,22.1,122.0,966.0,89.0,164.8,14
quá khứ,PODUL,2025,8,13,3,22.5,121.3,972.0,82.0,151.9,14
quá khứ,PODUL,2025,8,13,6,22.9,120.6,977.0,74.0,137.0,13
quá khứ,PODUL,2025,8,13,9,23.2,119.7,981.0,69.0,127.8,12
quá khứ,PODUL,2025,8,13,12,23.4,118.8,985.0,64.0,118.5,12
quá khứ,RAGASA,2025,9,18,12,15.9,133.0,1005.0,29.0,53.7,7
quá khứ,RAGASA,2025,9,18,15,16.1,132.7,1005.0,32.0,59.3,7
quá khứ,RAGASA,2025,9,18,18,16.2,132.3,1004.0,35.0,64.8,7
quá khứ,RAGASA,2025,9,18,21,16.1,131.8,1002.0,37.0,68.5,7
quá khứ,RAGASA,2025,9,19,0,16.0,131.3,1000.0,39.0,72.2,8
quá khứ,RAGASA,2025,9,19,3,16.0,131.0,999.0,39.0,72.2,8
quá khứ,RAGASA,2025,9,19,6,16.1,130.7,998.0,39.0,72.2,8
quá khứ,RAGASA,2025,9,19,9,16.2,130.4,997.0,42.0,77.8,8
quá khứ,RAGASA,2025,9,19,12,16.3,130.1,996.0,45.0,83.3,9
quá khứ,RAGASA,2025,9,19,15,16.3,130.0,994.0,50.0,92.6,10
quá khứ,RAGASA,2025,9,19,18,16.2,130.0,992.0,54.0,100.0,11
quá khứ,RAGASA,2025,9,19,21,16.2,129.8,989.0,59.0,109.3,12
quá khứ,RAGASA,2025,9,20,0,16.3,129.6,985.0,64.0,118.5,12
quá khứ,RAGASA,2025,9,20,3,16.5,129.4,980.0,67.0,124.1,12
quá khứ,RAGASA,2025,9,20,6,16.7,129.1,974.0,70.0,129.6,12
quá khứ,RAGASA,2025,9,20,9,16.9,128.9,966.0,85.0,157.4,14
quá khứ,RAGASA,2025,9,20,12,17.2,128.7,957.0,99.0,183.3,15
quá khứ,RAGASA,2025,9,20,15,17.5,128.3,947.0,107.0,198.2,16
quá khứ,RAGASA,2025,9,20,18,17.8,127.9,937.0,115.0,213.0,17
quá khứ,RAGASA,2025,9,20,21,17.9,127.4,935.0,117.0,216.7,17
quá khứ,RAGASA,2025,9,21,0,17.9,127.0,933.0,119.0,220.4,17
quá khứ,RAGASA,2025,9,21,3,18.1,126.6,928.0,129.0,238.9,17
quá khứ,RAGASA,2025,9,21,6,18.3,126.3,922.0,138.0,255.6,17
quá khứ,RAGASA,2025,9,21,9,18.6,125.9,917.0,141.0,261.1,17
quá khứ,RAGASA,2025,9,21,12,18.9,125.4,911.0,144.0,266.7,17
quá khứ,RAGASA,2025,9,21,15,19.0,124.8,913.0,144.0,266.7,17
quá khứ,RAGASA,2025,9,21,18,19.1,124.1,914.0,144.0,266.7,17
quá khứ,RAGASA,2025,9,21,21,19.2,123.5,912.0,144.0,266.7,17
quá khứ,RAGASA,2025,9,22,0,19.3,122.9,910.0,144.0,266.7,17
quá khứ,RAGASA,2025,9,22,3,19.3,122.3,913.0,141.0,261.1,17
quá khứ,RAGASA,2025,9,22,6,19.3,121.7,916.0,138.0,255.6,17
quá khứ,RAGASA,2025,9,22,9,19.3,121.1,921.0,133.0,246.3,17
quá khứ,RAGASA,2025,9,22,12,19.4,120.5,926.0,128.0,237.1,17
quá khứ,RAGASA,2025,9,22,15,19.5,119.9,928.0,126.0,233.4,17
quá khứ,RAGASA,2025,9,22,18,19.6,119.3,930.0,124.0,229.6,17
quá khứ,RAGASA,2025,9,22,21,19.8,118.7,930.0,124.0,229.6,17
quá khứ,RAGASA,2025,9,23,0,20.0,118.2,930.0,124.0,229.6,17
quá khứ,RAGASA,2025,9,23,3,20.2,117.6,931.0,122.0,225.9,17
quá khứ,RAGASA,2025,9,23,6,20.4,117.1,931.0,119.0,220.4,17
quá khứ,RAGASA,2025,9,23,9,20.6,116.6,934.0,117.0,216.7,17
quá khứ,RAGASA,2025,9,23,12,20.8,116.0,937.0,115.0,213.0,17
quá khứ,RAGASA,2025,9,23,15,21.0,115.4,938.0,115.0,213.0,17
quá khứ,RAGASA,2025,9,23,18,21.1,114.8,939.0,115.0,213.0,17
quá khứ,RAGASA,2025,9,23,21,21.1,114.3,942.0,112.0,207.4,17
quá khứ,RAGASA,2025,9,24,0,21.2,113.8,944.0,109.0,201.9,16
quá khứ,RAGASA,2025,9,24,3,21.4,113.2,946.0,107.0,198.2,16
quá khứ,RAGASA,2025,9,24,6,21.6,112.6,948.0,105.0,194.5,16
quá khứ,RAGASA,2025,9,24,9,21.7,111.9,957.0,93.0,172.2,15
quá khứ,RAGASA,2025,9,24,12,21.8,111.1,966.0,80.0,148.2,13
quá khứ,TAPAH,2025,9,6,6,18.2,116.5,1002.0,29.0,53.7,7
quá khứ,TAPAH,2025,9,6,9,18.4,116.3,1002.0,29.0,53.7,7
quá khứ,TAPAH,2025,9,6,12,18.6,115.9,1002.0,29.0,53.7,7
quá khứ,TAPAH,2025,9,6,15,18.6,115.3,1000.0,34.0,63.0,7
quá khứ,TAPAH,2025,9,6,18,18.5,114.8,997.0,39.0,72.2,8
quá khứ,TAPAH,2025,9,6,21,18.3,114.6,996.0,42.0,77.8,8
quá khứ,TAPAH,2025,9,7,0,18.3,114.4,994.0,45.0,83.3,9
quá khứ,TAPAH,2025,9,7,3,18.7,114.1,994.0,45.0,83.3,9
quá khứ,TAPAH,2025,9,7,6,19.3,113.8,994.0,45.0,83.3,9
quá khứ,TAPAH,2025,9,7,9,19.7,113.7,993.0,48.0,88.9,10
quá khứ,TAPAH,2025,9,7,12,20.0,113.6,991.0,51.0,94.5,10
quá khứ,TAPAH,2025,9,7,15,20.4,113.4,988.0,56.0,103.7,11
quá khứ,TAPAH,2025,9,7,18,20.8,113.2,984.0,60.0,111.1,12
quá khứ,TAPAH,2025,9,7,21,21.3,112.9,984.0,62.0,114.8,12
quá khứ,TAPAH,2025,9,8,0,21.8,112.6,984.0,64.0,118.5,12
quá khứ,UNNAMED,2025,6,25,6,18.5,113.2,1002.0,25.0,46.3,7
quá khứ,UNNAMED,2025,6,25,9,18.9,112.7,1002.0,25.0,46.3,7
quá khứ,UNNAMED,2025,6,25,12,19.2,112.2,1002.0,25.0,46.3,7
quá khứ,UNNAMED,2025,6,25,15,19.3,111.8,1003.0,25.0,46.3,7
quá khứ,UNNAMED,2025,6,25,18,19.4,111.4,1003.0,25.0,46.3,7
quá khứ,UNNAMED,2025,6,25,21,19.7,111.0,1003.0,25.0,46.3,7
quá khứ,UNNAMED,2025,6,26,0,20.1,110.7,1003.0,25.0,46.3,7
quá khứ,UNNAMED,2025,6,26,3,20.5,110.5,1003.0,25.0,46.3,7
quá khứ,UNNAMED,2025,6,26,6,21.0,110.3,1003.0,25.0,46.3,7
quá khứ,UNNAMED,2025,6,26,9,21.4,110.1,1003.0,25.0,46.3,7
quá khứ,UNNAMED,2025,6,26,12,21.7,109.8,1003.0,25.0,46.3,7
quá khứ,UNNAMED,2025,8,18,6,19.5,107.3,1001.0,25.0,46.3,7
quá khứ,UNNAMED,2025,8,18,9,19.8,107.3,1001.0,27.0,50.0,7
quá khứ,UNNAMED,2025,8,18,12,20.1,107.3,1000.0,29.0,53.7,7
quá khứ,UNNAMED,2025,8,18,15,20.7,107.3,1000.0,27.0,50.0,7
quá khứ,UNNAMED,2025,8,18,18,21.2,107.3,1000.0,25.0,46.3,7
quá khứ,WIPHA,2025,7,18,12,19.3,122.5,991.0,35.0,64.8,7
quá khứ,WIPHA,2025,7,18,15,19.6,121.6,988.0,40.0,74.1,8
quá khứ,WIPHA,2025,7,18,18,19.8,120.8,984.0,45.0,83.3,9
quá khứ,WIPHA,2025,7,18,21,20.0,120.2,983.0,48.0,88.9,10
quá khứ,WIPHA,2025,7,19,0,20.1,119.8,981.0,51.0,94.5,10
quá khứ,WIPHA,2025,7,19,3,20.3,119.4,981.0,51.0,94.5,10
quá khứ,WIPHA,2025,7,19,6,20.5,118.9,980.0,51.0,94.5,10
quá khứ,WIPHA,2025,7,19,9,20.7,118.4,980.0,51.0,94.5,10
quá khứ,WIPHA,2025,7,19,12,21.0,117.7,979.0,51.0,94.5,10
quá khứ,WIPHA,2025,7,19,15,21.3,116.9,980.0,53.0,98.2,11
quá khứ,WIPHA,2025,7,19,18,21.5,116.0,981.0,54.0,100.0,11
quá khứ,WIPHA,2025,7,19,21,21.6,115.3,976.0,59.0,109.3,12
quá khứ,WIPHA,2025,7,20,0,21.6,114.6,970.0,64.0,118.5,12
quá khứ,WIPHA,2025,7,20,3,21.7,113.9,974.0,64.0,118.5,12
quá khứ,WIPHA,2025,7,20,6,21.8,113.2,977.0,64.0,118.5,12
quá khứ,WIPHA,2025,7,20,9,21.8,112.4,979.0,62.0,114.8,12
quá khứ,WIPHA,2025,7,20,12,21.7,111.7,980.0,60.0,111.1,12
quá khứ,WIPHA,2025,7,20,15,21.6,111.2,983.0,56.0,103.7,11
quá khứ,WIPHA,2025,7,20,18,21.6,110.8,986.0,51.0,94.5,10
quá khứ,WIPHA,2025,7,20,21,21.6,110.1,986.0,48.0,88.9,10
quá khứ,WIPHA,2025,7,21,0,21.5,109.4,985.0,45.0,83.3,9
quá khứ,WIPHA,2025,7,21,3,21.4,109.1,986.0,45.0,83.3,9
quá khứ,WIPHA,2025,7,21,6,21.3,109.0,987.0,45.0,83.3,9
quá khứ,WIPHA,2025,7,21,9,21.2,108.7,986.0,48.0,88.9,10
quá khứ,WIPHA,2025,7,21,12,21.1,108.3,984.0,51.0,94.5,10
quá khứ,WIPHA,2025,7,21,15,21.0,108.0,984.0,51.0,94.5,10
quá khứ,WIPHA,2025,7,21,18,20.8,107.6,984.0,51.0,94.5,10
quá khứ,WIPHA,2025,7,21,21,20.6,107.2,986.0,48.0,88.9,10
quá khứ,WIPHA,2025,7,22,0,20.5,106.8,987.0,45.0,83.3,9
quá khứ,WIPHA,2025,7,22,3,20.4,106.5,986.0,40.0,74.1,8
quá khứ,WIPHA,2025,7,22,6,20.3,106.2,984.0,35.0,64.8,7
quá khứ,WIPHA,2025,7,22,9,20.2,106.1,987.0,35.0,64.8,7
quá khứ,WIPHA,2025,7,22,12,20.2,106.0,990.0,35.0,64.8,7
quá khứ,WUTIP,2025,6,10,12,15.0,113.9,996.0,25.0,46.3,7
quá khứ,WUTIP,2025,6,10,15,15.0,114.2,996.0,27.0,50.0,7
quá khứ,WUTIP,2025,6,10,18,15.2,114.3,996.0,29.0,53.7,7
quá khứ,WUTIP,2025,6,10,21,15.7,114.2,996.0,29.0,53.7,7
quá khứ,WUTIP,2025,6,11,0,16.2,113.9,995.0,29.0,53.7,7
quá khứ,WUTIP,2025,6,11,3,16.5,113.2,995.0,29.0,53.7,7
quá khứ,WUTIP,2025,6,11,6,16.7,112.4,995.0,29.0,53.7,7
quá khứ,WUTIP,2025,6,11,9,16.7,111.9,993.0,29.0,53.7,7
quá khứ,WUTIP,2025,6,11,12,16.5,111.5,990.0,29.0,53.7,7
quá khứ,WUTIP,2025,6,11,15,16.3,111.2,992.0,34.0,63.0,7
quá khứ,WUTIP,2025,6,11,18,16.3,110.9,993.0,39.0,72.2,8
quá khứ,WUTIP,2025,6,11,21,16.6,110.6,995.0,39.0,72.2,8
quá khứ,WUTIP,2025,6,12,0,17.0,110.3,996.0,39.0,72.2,8
quá khứ,WUTIP,2025,6,12,3,17.1,110.1,992.0,45.0,83.3,9
quá khứ,WUTIP,2025,6,12,6,17.2,109.9,988.0,51.0,94.5,10
quá khứ,WUTIP,2025,6,12,9,17.3,109.5,988.0,51.0,94.5,10
quá khứ,WUTIP,2025,6,12,12,17.4,109.2,988.0,51.0,94.5,10
quá khứ,WUTIP,2025,6,12,15,17.5,109.1,989.0,51.0,94.5,10
quá khứ,WUTIP,2025,6,12,18,17.7,109.0,989.0,51.0,94.5,10
quá khứ,WUTIP,2025,6,12,21,18.0,108.8,986.0,56.0,103.7,11
quá khứ,WUTIP,2025,6,13,0,18.3,108.5,983.0,60.0,111.1,12
quá khứ,WUTIP,2025,6,13,3,18.5,108.4,983.0,60.0,111.1,12
quá khứ,WUTIP,2025,6,13,6,18.7,108.3,983.0,60.0,111.1,12
quá khứ,WUTIP,2025,6,13,9,18.7,108.2,983.0,60.0,111.1,12
quá khứ,WUTIP,2025,6,13,12,18.8,108.3,983.0,60.0,111.1,12
quá khứ,WUTIP,2025,6,13,15,19.2,108.6,985.0,57.0,105.6,11
quá khứ,WUTIP,2025,6,13,18,19.7,108.9,986.0,54.0,100.0,11
quá khứ,WUTIP,2025,6,13,21,20.0,109.0,983.0,59.0,109.3,12
quá khứ,WUTIP,2025,6,14,0,20.3,109.1,979.0,64.0,118.5,12
quá khứ,WUTIP,2025,6,14,3,20.7,109.4,982.0,59.0,109.3,12
quá khứ,WUTIP,2025,6,14,6,21.2,109.8,985.0,54.0,100.0,11
